City_ID,City,Country,Max Temp,Description,Lat,Lng,Hotel Name
1,Tevaitoa,PF,77.52,broken clouds,-16.7833,-151.5,H√¥tel Raiatea Lodge
5,Yellowknife,CA,74.28,overcast clouds,62.456,-114.3525,The Explorer Hotel
6,Rikitea,PF,72.45,broken clouds,-23.1203,-134.9692,People ThankYou
9,Katsuura,JP,79.11,few clouds,35.1333,140.3,Katsuura Hotel Mikazuki
10,Ponta Do Sol,PT,74.01,clear sky,32.6667,-17.1,Hotel do Campo
11,Butaritari,KI,81.46,moderate rain,3.0707,172.7902,Isles Sunset Lodge
14,Bengkulu,ID,74.59,few clouds,-3.8004,102.2655,Grage Hotel Bengkulu
15,Ban Mo,TH,82.29,light rain,14.6154,100.7273,‡∏ö‡∏£‡∏¥‡∏©‡∏±‡∏ó ‡∏™‡∏¢‡∏≤‡∏° ‡πÄ‡∏≠‡πá‡∏ô ‡∏û‡∏µ ‡∏≠‡∏≤‡∏£‡πå ‡∏à‡∏≥‡∏Å‡∏±‡∏î
18,Avarua,CK,75.25,few clouds,-21.2078,-159.775,Sunset Resort
19,Mayumba,GA,71.85,scattered clouds,-3.432,10.6554,LIKWALE LODGE
21,Jamestown,US,71.1,broken clouds,42.097,-79.2353,Hampton Inn & Suites Jamestown
22,Lagoa,PT,71.08,clear sky,39.05,-27.9833,Graciosa Resort - Biosphere Island Hotel
23,Morondava,MG,70.74,few clouds,-20.2833,44.2833,La Case Bambou
27,Kahului,US,86.97,scattered clouds,20.8947,-156.47,Maui Seaside Hotel
28,Smithers,CA,84.27,clear sky,54.7804,-127.1743,"Prestige Hudson Bay Lodge, Premier Collection"
31,Wucheng,CN,75.06,scattered clouds,29.6008,118.175,‰ºëÂÆÅÊúçÂä°Âå∫-ÂÆæÈ¶Ü
32,Paragominas,BR,74.3,heavy intensity rain,-2.9667,-47.4833,INOVA
33,Victoria,HK,84.38,light rain,22.2855,114.1577,Mini Hotel Central
35,Wewak,PG,78.1,scattered clouds,-3.5534,143.6268,In Wewak Boutique Hotel
37,Puerto Ayora,EC,70.56,broken clouds,-0.7393,-90.3518,Finch Bay Galapagos Hotel
39,Zaraza,VE,79.48,overcast clouds,9.3503,-65.3245,Hotel Zaraza
40,Kabinda,CD,73.04,broken clouds,-6.1333,24.4833,Village Mianda Mutole
42,Mtambile,TZ,74.95,overcast clouds,-5.3833,39.7,Lala Lodge Pemba Zanzibar
45,Bandarbeyla,SO,76.57,scattered clouds,9.4942,50.8122,JABIR HOTEL
46,Port-Gentil,GA,76.57,few clouds,-0.7193,8.7815,Fengshui Residence
48,Hambantota,LK,79.32,few clouds,6.1241,81.1185,Bungalow 63
49,Rapid Valley,US,83.57,overcast clouds,44.0625,-103.1463,Fairfield Inn & Suites by Marriott Rapid City
52,Mantua,IT,80.91,clear sky,45.1667,10.7833,Hotel la Favorita
53,Sibolga,ID,75.4,overcast clouds,1.7427,98.7792,Hotel Syariah CN Darussalam
54,Rawlins,US,84.42,clear sky,41.7911,-107.2387,"Holiday Inn Express Rawlins, an IHG Hotel"
56,Taloqan,AF,76.57,broken clouds,36.7361,69.5345,Saraisang street
57,Vaini,TO,73.56,light rain,-21.2,-175.2,Keleti Beach Resort
58,Ribeira Grande,PT,71.83,clear sky,38.5167,-28.7,Hotel do Canal | Horta - Faial
62,Mana,GF,80.04,few clouds,5.6592,-53.7767,LE SAMANA
63,Albany,US,75.16,scattered clouds,42.6001,-73.9662,The Inn at Deer Meadow
64,Kirakira,SB,79.2,broken clouds,-10.4544,161.9205,SanBiz Lodge
66,Robertsport,LR,77.99,light rain,6.7533,-11.3686,Kwepunha Retreat
67,Bac Lieu,VN,79.05,overcast clouds,9.285,105.7244,Kh√°ch s·∫°n S√†i G√≤n B·∫°c Li√™u
68,Mapastepec,MX,87.15,overcast clouds,15.4333,-92.9,Hotel San Carlos
73,Bongandanga,CD,75.76,overcast clouds,1.5,21.05,
77,Santo Domingo,DO,87.93,few clouds,18.5001,-69.9886,Caba√±as City Heart
81,Sukhumi,GE,70.57,clear sky,43.0033,41.0153,Ritsa Hotel
82,Celestun,MX,88.48,clear sky,20.8667,-90.4,Posada Lilia
85,Bonoua,CI,78.42,scattered clouds,5.2741,-3.595,Hotel Bon Samaritian
88,Campo Maior,BR,88.81,overcast clouds,-4.8278,-42.1686,Elite Hotel
91,Trinidad,BO,72.95,scattered clouds,-14.8333,-64.9,Tapacare Resort
92,Hilo,US,83.93,scattered clouds,19.7297,-155.09,Hilo Hawaiian Hotel
96,Alta Floresta,BR,87.08,clear sky,-9.8756,-56.0861,Floresta Amazonica Hotel
97,Balikpapan,ID,76.24,overcast clouds,-1.2675,116.8289,ibis Balikpapan
98,Atuona,PF,77.31,scattered clouds,-9.8,-139.0333,Villa Enata
99,Kushima,JP,75.56,overcast clouds,31.4583,131.2333,Shibushiwan Daikoku Resort Hotel
101,Linqiong,CN,76.01,overcast clouds,30.4159,103.4609,Tianlun Tanxianglou Hotel
106,Culebra,PR,86.88,broken clouds,18.303,-65.301,Palmetto Guesthouse
107,Podor,MR,88.95,broken clouds,16.6527,-14.9587,Auberge Du T√©krour
114,Korla,CN,89.67,overcast clouds,41.7597,86.1469,Gulisitan Hotel
115,Akdepe,TM,78.8,broken clouds,42.0551,59.3788,–ú–æ–π –¥–æ–º
116,Saskylakh,RU,72.07,few clouds,71.9167,114.0833,
119,Khatanga,RU,71.78,scattered clouds,71.9667,102.5,"Gostinitsa ""Zapolyar'ye"""
120,San Quintin,MX,75.87,clear sky,30.4833,-115.95,Don Eddie's Sport Fishing Center
130,Kapaa,US,86.32,light rain,22.0752,-159.319,Sheraton Kauai Coconut Beach Resort
131,Veraval,IN,81.32,overcast clouds,20.9,70.3667,Lords Inn Somnath
132,Griffith,US,74.08,scattered clouds,41.5284,-87.4237,"Motel 6 Hammond, IN - Chicago Area"
133,Kavieng,PG,81.39,light rain,-2.5744,150.7967,Nusa Island Retreat
136,Santa Ines,BR,76.48,moderate rain,-3.6667,-45.38,Palace hotel
139,Phan Thiet,VN,76.46,overcast clouds,10.9333,108.1,Hotel Saigon-PT
147,Buraydah,SA,89.73,scattered clouds,26.326,43.975,ŸÅŸÜÿØŸÇ ÿ±ÿßÿ≠ÿ© ÿßŸÑÿ≥ŸÑÿßŸÖ
148,Jining,CN,73.69,clear sky,35.405,116.5814,Yunhe Star Hotel
149,Kulhudhuffushi,MV,81.91,broken clouds,6.6221,73.07,Hondaafushi Island Resort
153,West Wendover,US,85.21,clear sky,40.7391,-114.0733,"Motel 6 Wendover, UT"
154,Pochutla,MX,90.82,broken clouds,15.7432,-96.4661,Bahia de la Luna
155,Cozumel,MX,89.11,broken clouds,20.5083,-86.9458,Cozumel Palace¬Æ All Inclusive Resort
156,Hithadhoo,MV,81.52,overcast clouds,-0.6,73.0833,Scoop Guest House
158,Mangai,CD,77.47,scattered clouds,-4.05,19.5333,
160,Shouguang,CN,70.56,clear sky,36.88,118.7375,Communications Hotel
161,Tenali,IN,84.78,overcast clouds,16.2425,80.6398,Goutham Grand Hotel
163,Kendrapara,IN,82.29,overcast clouds,20.5042,86.416,Hotel Mayuri Palace
164,Samarai,PG,79.77,overcast clouds,-10.6167,150.6667,Nuli Sapi
166,Lamu,KE,75.42,overcast clouds,-2.2717,40.902,Lamu House
168,Erzin,TR,81.32,clear sky,36.9559,36.2,Artemis Otel
170,Xiaoweizhai,CN,72.12,scattered clouds,26.1903,107.5125,Karst Youth Hostel
171,Thompson,CA,78.01,scattered clouds,55.7435,-97.8558,Burntwood Hotel
172,Edd,ER,89.82,overcast clouds,13.9297,41.6925,
173,Awbari,LY,87.37,clear sky,26.5921,12.7805,ŸÅŸÜÿØŸÇ ÿ£Ÿàÿ®ÿßÿ±Ÿä
174,Kupang,ID,74.44,scattered clouds,-10.1667,123.5833,Hotel On The Rock by Prasanthi
175,Filingue,NE,86.47,broken clouds,14.3521,3.3168,
176,Japura,ID,78.49,overcast clouds,-0.3167,102.35,Rumah mbah Jamah
177,Darab,IR,88.2,broken clouds,28.7519,54.5444,Naghshe shapoor Hotel
178,Aklavik,CA,73.6,broken clouds,68.2191,-135.0107,Aklavik Inn
182,Akyab,MM,80.73,overcast clouds,20.15,92.9,Hotel Memory
183,Haines Junction,CA,72.09,clear sky,60.7522,-137.5108,Parkside Inn
185,Faanui,PF,78.31,overcast clouds,-16.4833,-151.75,InterContinental Bora Bora Resort Thalasso Spa
191,Bonthe,SL,76.46,moderate rain,7.5264,-12.505,Bonthe Holiday Village
194,Banda Aceh,ID,79.07,overcast clouds,5.5577,95.3222,Sulthan Hotel International
195,Ixtapa,MX,87.03,overcast clouds,20.7,-105.2,Hotel Plaza Providencia
196,Kavaratti,IN,82.38,overcast clouds,10.5669,72.642,Hotels in Lakshadweep Islands
197,Georgetown,MY,77.9,few clouds,5.4112,100.3354,Cititel Penang
198,Islampur,IN,78.35,overcast clouds,26.2667,88.2,Circuit House
202,La Ronge,CA,73.35,broken clouds,55.1001,-105.2842,Northland Motor Hotel
203,Coahuayana,MX,87.28,overcast clouds,18.7333,-103.6833,El rranchito michuacan de ocampos
212,Kloulklubed,PW,84.42,overcast clouds,7.0419,134.2556,Storyboard Beach Resort
214,Boyolangu,ID,73.89,broken clouds,-8.1181,111.8935,Hotel Istana
216,Sukumo,JP,74.82,overcast clouds,32.9333,132.7333,ÂàùÁ¶èËçò
217,Fort Nelson,CA,83.46,clear sky,58.8053,-122.7002,The Fort Nelson Hotel
219,High Level,CA,81.45,overcast clouds,58.5169,-117.136,Days Inn by Wyndham High Level
220,El Sauce,NI,91.65,scattered clouds,12.8869,-86.539,Hotel Blanco
221,Lazaro Cardenas,MX,86.18,broken clouds,17.9583,-102.2,quinta antigua
224,Luorong,CN,79.47,light rain,24.4058,109.6086,Ëç£Á´ãÂ§ßÈÖíÂ∫ó
225,Norman Wells,CA,80.98,scattered clouds,65.282,-126.8329,Heritage Hotel
227,Shiyan,CN,76.01,clear sky,32.6475,110.7781,Fenghuang Garden Holiday Hotel
229,Yumen,CN,77.79,clear sky,40.2833,97.2,
230,Mayo,US,92.01,clear sky,38.8876,-76.5119,South County Deale Moose Lodge
231,Talara,PE,74.16,clear sky,-4.5772,-81.2719,Las Dunas de Vichayito
232,Mwene-Ditu,CD,72.55,clear sky,-7.0,23.45,H√¥tel Kamas
234,Aksu,CN,79.63,overcast clouds,41.1231,80.2644,Pudong Holiday Hotel
236,Terney,RU,71.74,overcast clouds,45.0503,136.6092,"Hotel ""Ternay"""
237,Benguela,AO,70.43,clear sky,-12.5763,13.4055,Hotel Praia Morena
239,Bathsheba,BB,84.81,scattered clouds,13.2167,-59.5167,Atlantis Hotel
242,Sur,OM,91.13,overcast clouds,22.5667,59.5289,Sur Plaza Hotel
243,Ormara,PK,81.46,overcast clouds,25.2088,64.6357,Crystal Beach and Camping Resort Ormara
245,Lewiston,US,72.79,broken clouds,44.1003,-70.2148,Hilton Garden Inn Auburn Riverwatch
249,Manta,EC,77.49,overcast clouds,-0.95,-80.7333,Balandra Hotel
250,Astoria,US,93.97,clear sky,46.1879,-123.8313,Best Western Astoria Bayfront Hotel
252,Naze,JP,76.87,overcast clouds,28.3667,129.4833,Â•ÑÁæé„Éù„Éº„Éà„Çø„ÉØ„Éº„Éõ„ÉÜ„É´
253,Gat,IL,80.4,clear sky,31.61,34.7642,OlusHome
254,Abu Samrah,SY,80.91,clear sky,35.3029,37.1841,
256,Anse-Bertrand,GP,80.42,clear sky,16.4721,-61.5078,Locations Plus
258,Maceio,BR,78.24,scattered clouds,-9.6658,-35.7353,Poutur Pousada
259,Nhulunbuy,AU,72.21,scattered clouds,-12.2333,136.7667,East Arnhem Real Estate
260,Uruzgan,AF,74.5,clear sky,32.8333,66.0,
261,Nantucket,US,80.94,clear sky,41.2835,-70.0995,Jared Coffin House
262,Bethel,US,81.18,few clouds,41.3712,-73.414,Courtyard by Marriott Danbury
268,Fare,PF,78.44,broken clouds,-16.7,-151.0167,Maitai Lapita Village Huahine
271,Gondanglegi,ID,74.62,clear sky,-7.7479,112.0132,Lotus Garden Hotel
272,Tessalit,ML,91.22,scattered clouds,20.1986,1.0114,
273,Loa Janan,ID,74.16,overcast clouds,-0.583,117.095,bgr express samarinda
275,Doha,QA,93.18,clear sky,25.2867,51.5333,Movenpick Hotel Doha
277,Port Maria,JM,83.97,scattered clouds,18.3685,-76.8895,GoldenEye
278,Santa Maria Da Vitoria,BR,82.87,broken clouds,-13.3947,-44.1886,Pousada Rio Current
279,Bossangoa,CF,71.19,overcast clouds,6.4926,17.4552,LA PERLE DE BOSTON
280,Puente Grande,MX,81.91,broken clouds,20.5667,-103.15,Quinta Bonita
282,Cabo Rojo,PR,88.97,scattered clouds,18.0866,-67.1457,Hotel Perichi's
285,Nilagiri,IN,77.11,overcast clouds,21.4582,86.7722,Guru Shakti
286,Isangel,VU,71.51,overcast clouds,-19.55,169.2667,Tanna Lodge
287,Lahij,YE,81.97,overcast clouds,13.1667,44.5833,
289,Touros,BR,79.7,broken clouds,-5.1989,-35.4608,Casa Palma Azul de praia com piscina
292,Muli,MV,82.09,overcast clouds,2.9167,73.5667,Medhufushi Island Resort
294,Praia Da Vitoria,PT,75.76,clear sky,38.7333,-27.0667,Hotel Branco I
295,Seoul,KR,80.08,overcast clouds,37.5683,126.9778,Î°ØÎç∞Ìò∏ÌÖî ÏÑúÏö∏
296,Iwata,JP,78.24,broken clouds,34.7,137.85,Kuretakeiniwata
297,Waddan,LY,87.01,clear sky,29.1614,16.139,ŸÖÿ≠ŸÑ ÿßŸÑÿ¥ÿ±ŸäŸÅ ŸÖÿ≠ŸÖÿØ ÿßŸÑÿπÿßŸäÿ®
300,Yokadouma,CM,71.06,overcast clouds,3.5167,15.05,H√¥tel De Ville De Yokadouma
301,Dingle,PH,77.72,overcast clouds,10.9995,122.6711,OYO 236 Hotel Edmundo
302,Kiunga,PG,72.27,overcast clouds,-6.1219,141.2906,Airport Lodge Kiunga
303,Bani Walid,LY,81.82,clear sky,31.7566,13.9942,ŸÖŸÜÿ≤ŸÑ ÿßŸÑÿµÿßÿ®ÿ± ÿ£ÿ®ŸàŸÅÿßŸÜÿ©
307,Domoni,KM,74.66,clear sky,-12.2569,44.5319,Al Djadid
308,Saint-Georges,GD,80.71,broken clouds,12.0564,-61.7485,Radisson Grenada Beach Resort
309,Gamba,GA,72.73,scattered clouds,-2.65,10.0,Laguna guest house
312,Marsa Matruh,EG,80.04,clear sky,31.3525,27.2453,ÿ®Ÿàÿ±ÿ™Ÿà ŸÖÿ∑ÿ±Ÿàÿ≠
314,Dakoro,NE,82.02,light rain,14.5106,6.765,Shagon mai liverpool
317,Qui Nhon,VN,83.61,overcast clouds,13.7667,109.2333,Hoang Yen Canary Hotel
318,Sulya,IN,78.84,overcast clouds,12.5667,75.3833,KFDC Guest House - Karnataka Forest Development Corporation Ltd
321,Ozinki,RU,78.67,broken clouds,51.1786,49.6769,Korolevskiy Dvor
324,Zhob,PK,84.42,broken clouds,31.3411,69.4481,ROOM # 105 DUBAI HOTEL ZHOB
326,Daitari,IN,71.26,moderate rain,21.1,85.75,Gurujanga Foot Ball Ground
333,Pacific Grove,US,91.81,clear sky,36.6177,-121.9166,Lovers Point Inn
334,Metro,ID,73.26,scattered clouds,-5.1131,105.3067,OYO 3177 Wisma Lintang
335,Brandenburg,DE,73.9,overcast clouds,52.4167,12.55,SEEHOTEL Brandenburg a.d. Havel
337,Yilan,TW,82.51,overcast clouds,24.757,121.753,Dar Chen Hotel
338,Harper,LR,77.09,light rain,4.375,-7.7169,Screensaver
342,Bekhtery,UA,78.46,clear sky,46.251,32.2927,
344,Behbahan,IR,88.92,clear sky,30.5959,50.2417,ÿ¥Ÿáÿ±⁄©ÿØÿßŸÖÿØÿßÿ±ÿßŸÜ ŸÖÿßŸáÿ¥Ÿáÿ±
345,Swan River,CA,85.89,scattered clouds,52.1058,-101.2676,Super 8 by Wyndham Swan River MB
350,Bintulu,MY,77.99,light rain,3.1667,113.0333,900 Boutique INN
353,Gidam,IN,73.51,overcast clouds,18.9833,81.4,Dhanshree Lodge And DormItory
355,Manaure,CO,90.66,clear sky,11.7751,-72.4445,Hotel Palaaima
356,Jalu,LY,87.96,few clouds,29.0331,21.5482,ÿµÿßÿ≠ÿ®ÿ© ÿßŸÑŸÅÿÆÿßŸÖÿ©
357,Merauke,ID,74.1,overcast clouds,-8.4667,140.3333,Chosen Inn Merauke
362,Kandrian,PG,75.88,moderate rain,-6.2167,149.55,Kandrian Station
365,Kigorobya,UG,70.88,overcast clouds,1.6162,31.3089,Palace guest house kigorobya
371,Sawakin,SD,94.06,broken clouds,19.1059,37.3321,ŸÅŸÜÿØŸÇ ÿßŸÑÿØŸàŸäŸÖ
374,Hasaki,JP,73.8,clear sky,35.7333,140.8333,Hotel Sunrise Choshi
375,Tabou,CI,76.86,light rain,4.423,-7.3528,hot√™l doufoulougou
376,Stuttgart,DE,71.47,broken clouds,48.7823,9.177,Hotel Unger
378,Guiratinga,BR,77.25,clear sky,-16.3494,-53.7583,Hotel Angra do Cerrado - Guiratinga MT
379,Lamtah,TN,85.75,clear sky,35.6667,10.8833,ÿßŸÑÿπŸäÿ´ÿ©
381,Vila Franca Do Campo,PT,72.01,clear sky,37.7167,-25.4333,Pestana Bahia Praia
383,Komsomolskiy,UZ,77.72,broken clouds,40.4272,71.7189,Hotel Mehmon Saroy
384,Latung,PH,83.19,broken clouds,5.5,120.8833,Laminusa Port
386,Sao Miguel Do Araguaia,BR,84.16,clear sky,-13.275,-50.1628,Hotel Executivo Palace
389,Oneonta,US,71.11,clear sky,42.4529,-75.0638,Hampton Inn Oneonta
390,Luwuk,ID,75.85,overcast clouds,-0.9516,122.7875,Hotel Santika Luwuk
391,Pringsewu,ID,72.95,scattered clouds,-5.3582,104.9744,OYO 1017 Regency Hotel
392,Hamilton,US,85.6,few clouds,39.1834,-84.5333,Hampton Inn & Suites Cincinnati/Uptown-University Area
393,Havelock,US,93.43,broken clouds,34.8791,-76.9013,Sherwood Motel
398,Asau,RO,70.39,clear sky,46.4333,26.4,Casa Mika Ciobanus
399,Pestravka,RU,72.95,broken clouds,52.405,49.9583,"Gostinitsa ""Germes"""
400,Hurghada,EG,89.92,overcast clouds,27.2574,33.8129,Sea Star Beau Rivage Hotel
402,Eyl,SO,76.53,overcast clouds,7.9803,49.8164,Amiin Hotel
404,Boende,CD,76.91,few clouds,-0.2167,20.8667,
405,Feijo,BR,84.22,few clouds,-8.1642,-70.3536,Hotel e Restaurante A“´ai
406,San Policarpo,PH,82.36,overcast clouds,12.1791,125.5072,JM Lodge
407,Morant Bay,JM,85.62,scattered clouds,17.8815,-76.4093,Whispering Bamboo Cove Resort
409,Green River,US,86.18,broken clouds,41.5286,-109.4662,Hampton Inn & Suites Green River
411,Bowen,AU,70.34,broken clouds,-20.0167,148.2333,Rose Bay Resort
414,Aripuana,BR,87.57,clear sky,-9.1667,-60.6333,
415,Constantine,DZ,85.41,scattered clouds,36.365,6.6147,Grand Hotel Cirta
417,Wamba,NG,70.59,broken clouds,8.9333,8.6,Roma Zee Guest House Annex
419,San Andres,CO,87.82,overcast clouds,12.5847,-81.7006,Hotel Arena Blanca
420,Shache,CN,79.57,scattered clouds,38.4167,77.2406,Delong Hotel
423,Shetpe,KZ,80.08,clear sky,44.1667,52.1167,Rtsm Shetpe Analog
425,Nauta,PE,83.07,broken clouds,-4.5061,-73.5757,Amazon Exploring Expedition - Eretzen T√° Lodge
426,Kutum,SD,75.22,overcast clouds,14.2,24.6667,Dibbo areaŸÖŸÜÿ∑ŸÇÿ© ÿØÿ®Ÿà
427,Trat,TH,75.18,light rain,12.5,102.5,Sato Wittayakhom Ratchamangkalapisek School
428,Jacareacanga,BR,91.15,clear sky,-6.2222,-57.7528,Casa do Ianüòé
429,Nanning,CN,81.05,overcast clouds,22.8167,108.3167,Nanning Travelling With Hostel
431,Tual,ID,81.09,overcast clouds,-5.6667,132.75,Grand Vilia Hotel
432,Road Town,VG,84.24,scattered clouds,18.4167,-64.6167,Long Bay Beach Resort
433,Santo Antonio Do Ica,BR,84.56,scattered clouds,-3.1022,-67.9397,HOTEL AMAZON WAY
434,Kapit,MY,73.0,broken clouds,2.0167,112.9333,Hotel Meligai Kapit
435,Bonnyville,CA,86.02,clear sky,54.2668,-110.735,Best Western Bonnyville Inn & Suites
436,Baghdad,IQ,94.91,clear sky,33.3406,44.4009,Baghdad Hotel
439,Daru,PG,76.87,overcast clouds,-9.0763,143.2092,Daru Lodge
440,Mandla,IN,73.9,overcast clouds,22.6,80.3833,Bison Resort
442,Gushikawa,JP,81.63,clear sky,26.3544,127.8686,Dot Hotel Okinawa „Éâ„ÉÉ„Éà„Éõ„ÉÜ„É´Ê≤ñÁ∏Ñ
443,Fortuna,US,74.86,few clouds,40.5982,-124.1573,Bear River Casino Resort
444,Aliartos,GR,89.89,clear sky,38.3667,23.1,HELICON MUSES Friendly Mountain B&B Guesthouse
446,Satun,TH,78.51,overcast clouds,6.8333,100.0,‡∏ö‡πâ‡∏≤‡∏ô‡πÑ‡∏ó‡πÇ‡∏Æ‡∏°‡∏™‡πÄ‡∏ï‡∏¢‡πå&‡∏£‡∏µ‡∏™‡∏≠‡∏£‡πå‡∏ó ‡∏à.‡∏™‡∏ï‡∏π‡∏•
450,Hohhot,CN,71.91,clear sky,40.8106,111.6522,Sheraton Hohhot Hotel
451,Vasylivka,UA,72.48,scattered clouds,47.4369,35.2742,Alero
452,Las Palmas,ES,70.59,few clouds,28.4204,-14.0131,Casa Rural Sunset Ampuyenta
453,Aqtobe,KZ,75.29,clear sky,50.2797,57.2072,"Gostinitsa ""Ilek"" G. Aktobe"
456,Natal,BR,79.45,scattered clouds,-5.795,-35.2094,Villa Park Hotel | Natal
459,Ndele,CF,71.1,overcast clouds,8.4109,20.6473,
460,Pundaguitan,PH,83.75,broken clouds,6.3711,126.1689,Leonardo Family Beach House 1
462,Lagos,NG,80.92,overcast clouds,6.5833,3.75,ELERAN IGBE BY LAGOS LAGOON
464,Hami,CN,84.94,clear sky,42.8,93.45,Post And Telecommunication Hotel
465,Posse,BR,75.7,clear sky,-14.0931,-46.3694,Pousada das Palmeiras
466,Kendari,ID,73.36,overcast clouds,-3.945,122.4989,Hotel Wixel
469,Malakal,SS,70.48,overcast clouds,9.5334,31.6605,Nile Palace Hotel
470,Lorengau,PG,81.79,scattered clouds,-2.0226,147.2712,Lorengau Harbourside Hotel
471,Camacha,PT,70.54,broken clouds,33.0833,-16.3333,Hotel Porto Santo & Spa
472,Shahganj,IN,82.06,very heavy rain,26.05,82.6833,Sher-E-Panjab family restaurant and Dhaba
473,Namatanai,PG,79.5,light rain,-3.6667,152.4333,Seagulls Inn Namatani
478,Katobu,ID,73.45,overcast clouds,-4.9408,122.5276,La Ode Husein
479,Meulaboh,ID,76.66,overcast clouds,4.1363,96.1285,Kost Pria
480,Noumea,NC,70.0,few clouds,-22.2763,166.4572,H√¥tel Le Lagon
481,Gazanjyk,TM,83.98,clear sky,39.2446,55.5154,Railway motel
484,New Bern,US,93.49,clear sky,35.1085,-77.0441,Hampton Inn New Bern
485,Ketchikan,US,72.07,clear sky,55.3422,-131.6461,Snows Cove Lodge
486,Mitsuke,JP,77.36,clear sky,37.5333,138.9333,Âéü„ÅÆÊπØ
488,Bambous Virieux,MU,70.05,scattered clouds,-20.3428,57.7575,Laguna Beach Hotel & Spa
490,Amahai,ID,76.77,broken clouds,-3.3333,128.9167,HOTEL ISABELA
491,Sao Filipe,CV,75.49,broken clouds,14.8961,-24.4956,Hotel Xaguate
492,Tiznit,MA,82.38,few clouds,29.5833,-9.5,ÿπŸäŸÜ ÿßÿ∫ÿ®ÿßŸÑŸà
493,Marsh Harbour,BS,85.17,few clouds,26.5412,-77.0636,Abaco Beach Resort
495,Jiuquan,CN,76.35,clear sky,39.7432,98.5174,Jiuquan Hotel
499,Varca,IN,79.16,overcast clouds,15.2167,73.9167,"Taj Exotica Resort & Spa, Goa"
500,Bull Savanna,JM,83.19,light rain,17.8868,-77.5902,Big Red's
501,Makakilo City,US,82.72,scattered clouds,21.3469,-158.0858,Marriott's Ko Olina Beach Club
502,Kieta,PG,80.1,scattered clouds,-6.2167,155.6333,Uruna Bay Retreat
504,Aligudarz,IR,73.47,broken clouds,33.4006,49.6949,⁄©Ÿà⁄ÜŸá ÿ¥Ÿá€åÿØ ŸÖÿ≠ŸÖÿØ ÿ¨ŸàÿßÿØ ÿ±ÿ¥€åÿØ€å
508,Kyabe,TD,73.67,moderate rain,9.4515,18.9449,
509,Bismarck,US,86.86,smoke,46.8083,-100.7837,Ramkota Hotel & Conference Center
511,Liuhe,CN,72.84,overcast clouds,42.2401,125.7172,Grain Hostel
512,Tanout,NE,89.44,scattered clouds,14.9709,8.8879,
513,El Alto,PE,71.26,overcast clouds,-4.2714,-81.2147,Black Marlin Restaurant & Hospedaje
514,Bani,DO,87.75,clear sky,18.2833,-70.3333,Hospedaje Henriquez
516,Kismayo,SO,75.43,overcast clouds,-0.3582,42.5454,Agan-Hotel
519,Bitkine,TD,78.28,moderate rain,11.9801,18.2138,
520,Artyom,AZ,77.14,clear sky,40.4723,50.333,Merdan Respect
522,Sipe Sipe,BO,70.29,few clouds,-17.45,-66.3833,Caba√±as Oasis Marino
523,Tura,IN,74.62,moderate rain,25.5198,90.2201,Hotel RIKMAN Continental
525,Lasa,IT,71.51,broken clouds,46.6166,10.7002,Hotel Goldene Rose Superior
526,Whitehorse,CA,75.09,few clouds,60.7161,-135.0538,The Sternwheeler Hotel & Conference Centre
530,Bairiki,KI,84.2,light rain,1.3292,172.9752,Fema Lodge
533,Puerto Del Rosario,ES,73.15,few clouds,28.5004,-13.8627,Hotel JM Puerto del Rosario
535,Salalah,OM,77.09,overcast clouds,17.0151,54.0924,Al Jabal
536,Kawalu,ID,71.87,overcast clouds,-7.3817,108.2082,Hotel Santika Tasikmalaya
537,Eregli,TR,72.61,clear sky,37.5133,34.0467,CHERRY GARDEN CITY&SPA HOTEL
538,Cabedelo,BR,74.07,overcast clouds,-6.9811,-34.8339,Union Motel
539,Alpena,US,71.92,clear sky,45.0617,-83.4327,Days Inn by Wyndham Alpena
542,Nalut,LY,89.13,clear sky,30.3333,10.85,
543,Pimentel,PE,71.89,scattered clouds,-6.8367,-79.9342,Casona Del Muelle
546,Dwarka,IN,81.86,overcast clouds,22.2394,68.9678,Hotel Narayan Avezika Comfort
554,Tazmalt,DZ,90.64,overcast clouds,36.3868,4.3989,H√¥tel Num√©dia
555,Davila,PH,81.59,light rain,18.4726,120.5763,Blue Ridge Beach Resort
556,Oranjestad,AW,85.95,few clouds,12.524,-70.027,Holiday Inn Resort Aruba-Beach Resort & Casino
558,Sompeta,IN,81.19,overcast clouds,18.9333,84.6,Netaji's Home
559,Guerrero Negro,MX,83.07,few clouds,27.9769,-114.0611,The Halfway Inn
560,Novo Aripuana,BR,90.12,clear sky,-5.1206,-60.3797,Hotel Ezequiel
561,Mastic Beach,US,84.16,clear sky,40.7668,-72.8521,Brushwood House by Smith Point Beach
562,Oriximina,BR,74.32,moderate rain,-1.7656,-55.8661,Pousada Tia Am√©lia
563,Margherita,IN,74.53,light rain,27.2833,95.6833,Dehing Guest House
564,Eureka,US,75.13,broken clouds,40.8021,-124.1637,Eureka Inn Trademark By Wyndham
565,El Carmen,CO,80.76,broken clouds,8.5106,-73.4478,La Casona
568,Buta,CD,70.5,overcast clouds,2.7858,24.73,HOTEL BISO NA BISO
569,Temir,KZ,77.22,clear sky,49.1414,57.13,
570,Beyneu,KZ,85.1,few clouds,45.3167,55.2,NUR
572,Cayenne,GF,86.04,scattered clouds,4.9333,-52.3333,H√¥tel Le Dronmi
575,Jacqueville,CI,78.71,broken clouds,5.2052,-4.4146,Baie des Romances
576,Roma,US,70.43,clear sky,43.2128,-75.4557,Wingate By Wyndham Rome
577,Nawa,IN,81.01,broken clouds,27.0167,75.0,"Sambharia Bhawan,Kuchaman Road,Nawa City"
579,Sao Geraldo Do Araguaia,BR,87.64,overcast clouds,-6.4006,-48.555,SOLAR DO BARROSO
581,Tautira,PF,82.42,broken clouds,-17.7333,-149.15,Pension Oaoa
583,Safaga,EG,89.17,broken clouds,26.7292,33.9365,Sol Y Mar Paradise Beach
584,Sfantu Gheorghe,RO,73.27,clear sky,45.8667,25.7833,Hotel Park
585,Champerico,GT,91.94,overcast clouds,14.3,-91.9167,"Hotel y restaurante ""El Diamante"""
588,Odienne,CI,71.37,moderate rain,9.51,-7.5692,Oustaz Vame DIAKITE
589,Sinnamary,GF,81.12,few clouds,5.3833,-52.95,ALETHEIA Appartement Sinnamary
590,Waingapu,ID,72.18,few clouds,-9.6567,120.2641,Pondok Wisata Elim
591,Palmerston,AU,74.88,fog,-12.486,130.9833,Quest Palmerston - Serviced Apartments and Accommodation
593,Sarakhs,IR,73.54,clear sky,36.5449,61.1577,ŸÖŸáŸÖÿßŸÜ ÿ≥ÿ±ÿß€å ÿ¥ÿ±⁄©ÿ™ ⁄Øÿßÿ≤
598,Honiara,SB,79.63,broken clouds,-9.4333,159.95,Heritage Park Hotel
600,Sabang,ID,82.62,overcast clouds,5.8933,95.3214,Gapang Beach Resort
601,Chaohu,CN,81.03,clear sky,31.6,117.8667,Shell Hefei Chaohu Railway Station Wanda Plaza Hotel
602,Manggar,ID,80.08,scattered clouds,-2.8833,108.2667,Guest Hotel
603,Morgantown,US,82.63,scattered clouds,39.6295,-79.9559,Morgantown Marriott at Waterfront Place
605,Sohag,EG,89.46,broken clouds,26.557,31.6948,Civil Registry - Sohag 1
607,Male,MV,82.11,overcast clouds,4.1748,73.5089,Kurumba Maldives
610,Taos,US,82.0,clear sky,36.4072,-105.5731,El Monte Sagrado
611,Saint Pete Beach,US,92.28,broken clouds,27.7253,-82.7412,Grand Plaza Hotel - St. Pete Beach
612,Jega,NG,75.42,overcast clouds,12.2175,4.3792,ALH. Nasiru Ibrahim
613,Puerto Narino,CO,78.75,overcast clouds,-3.7703,-70.3831,Eware Refugio Amazonico
615,Tunceli,TR,85.06,clear sky,39.1083,39.5471,Grand Hotel ≈ûaroƒülu
618,Ranong,TH,79.5,overcast clouds,9.9658,98.6348,Tinidee Hotel@Ranong
621,Ghazipur,IN,80.78,overcast clouds,25.5833,83.5667,Gov. City Inter College Hostel
624,Magomeni,TZ,74.35,broken clouds,-6.8,39.25,Conway Hotel
625,Popondetta,PG,72.46,broken clouds,-8.7537,148.2534,Timos Transit House
629,Zhanaozen,KZ,79.95,clear sky,43.3,52.8,Hotel BasTau
630,Luanda,AO,71.6,clear sky,-8.8368,13.2343,LANDU MARINEZA LUFUANDU TONI
631,Shingu,JP,78.91,clear sky,33.7333,135.9833,Shingu UI Hotel
632,Chirala,IN,85.32,overcast clouds,15.8167,80.35,Hr Group Of Company
633,Ashland,US,77.67,scattered clouds,40.8167,-82.2665,Surrey Inn Hotel Ashland
637,The Valley,AI,85.82,clear sky,18.217,-63.0578,La Vue Boutique Inn
638,Bousse,BF,81.97,few clouds,12.6606,-1.8922,Maison d'h√¥tes EBEN-EZER DE BOUSSE
640,Tayu,ID,75.78,clear sky,-6.5397,111.0518,Pondok Pesantren Al Qowy
642,Olga,RU,71.58,broken clouds,43.7444,135.2892,Gostinitsa Rosmorport.
645,Lewistown,US,84.07,scattered clouds,40.5992,-77.5714,Quality Inn & Suites
646,Pandan,PH,82.89,overcast clouds,14.0453,124.1694,Bonifacio Lodge
648,Bud,US,82.42,clear sky,39.447,-86.1758,Ted McQuinn Trust
651,Fort Thomas,US,85.78,few clouds,39.0751,-84.4472,Residence Inn by Marriott Cincinnati Downtown/The Phelps
652,Marathon,US,73.96,clear sky,44.9,-89.7668,Rib Mountain Inn & Townhouses
653,Saint Anthony,US,82.54,haze,45.0205,-93.218,Days Hotel by Wyndham University Ave SE
655,Inirida,CO,79.02,scattered clouds,3.8653,-67.9239,Fuente del Guania Hotel de Lujo
658,Jiaonan,CN,75.22,light rain,35.8786,119.9753,ÈùíÂ≤õË•øÊµ∑Â≤∏ÈöÜÂíåÁ¶èÊúãÂñúÊù•ÁôªÈÖíÂ∫ó
659,Kabala,SL,70.18,moderate rain,9.5833,-11.55,Kabala Hill View
661,Nishihara,JP,81.68,few clouds,26.1842,127.7558,DoubleTree by Hilton Hotel Naha Shuri Castle
662,Pandan Niog,PH,82.56,overcast clouds,6.2282,120.5631,
665,San Cristobal,VE,84.38,scattered clouds,7.7669,-72.225,Posada Villaven C.A.
666,Sardarshahr,IN,90.64,broken clouds,28.4333,74.4833,Hotel Raja Garden Sardarshahar
667,Westport,US,84.09,clear sky,41.1415,-73.3579,Hilton Garden Inn Norwalk
669,Pokhara,NP,73.24,overcast clouds,28.2333,83.9833,Butterfly Lodge
670,Dongsheng,CN,70.81,clear sky,39.8161,109.9776,Crowne Plaza Ordos
672,Maragogi,BR,74.82,scattered clouds,-9.0122,-35.2225,Salinas do Maragogi All Inclusive Resort
674,Tikapur,NP,79.29,overcast clouds,28.5,81.1333,BANANA AGRO RESORT
675,Ammon,US,88.95,scattered clouds,43.4696,-111.9666,"Holiday Inn Express & Suites Idaho Falls, an IHG Hotel"
676,Lang Son,VN,79.2,overcast clouds,21.8333,106.7333,M∆∞·ªùng Thanh Hotel L·∫°ng S∆°n
678,Zhaoqing,CN,83.82,broken clouds,23.0512,112.4597,‰∏ÉÊòüÂ≤©ÊóÖÊ∏∏Â∫¶ÂÅáÂå∫
680,Cortez,US,89.51,clear sky,37.3489,-108.5859,Sand Canyon National 9 Inn
682,Angoche,MZ,72.27,scattered clouds,-16.2325,39.9086,Guest House HESADA
684,North Bend,US,78.93,clear sky,43.4065,-124.2243,Best Western Holiday Hotel
687,Port Blair,IN,81.84,overcast clouds,11.6667,92.75,"Welcomhotel By ITC Hotels, Bay Island, Port Blair"
688,Lagarto,BR,77.29,scattered clouds,-10.9172,-37.65,Pousada Cota
690,Tucumcari,US,94.95,scattered clouds,35.1717,-103.725,"Holiday Inn Express & Suites Tucumcari, an IHG Hotel"
695,Khandbari,NP,73.36,overcast clouds,27.3747,87.2039,Sainik Hotel And Lodge
